"Time","trees","people","pollution"
0,0,30,6
1,2,34,10.8
2,3,40,15.120000000000003
3,8,43,19.200000000000014
4,12,48,23.112000000000002
5,15,52,26.899199999999976
6,17,58,30.58804800000005
7,19,62,34.19625120000004
8,25,73,37.73613809999998
9,27,82,41.19617633699992
10,34,93,44.00271319770003
11,39,96,47.00460414251991
12,41,101,49.989485028081084
13,50,108,52.924019359648554
14,56,112,51.087724089331715
15,67,119,45.61612540491445
16,74,122,42.85486644240968
17,82,125,42.70171874355971
18,90,130,43.36774879536211
19,95,139,44.173105697013305
20,101,146,45.18637741897076
21,111,149,46.07258411074627
22,117,158,43.922045679307246
23,129,165,43.44926820594635
24,143,172,43.51916421732795
25,156,179,43.63805392791843
26,165,188,43.91995652206193
27,188,193,42.714361324339535
28,196,203,42.53834137161868
29,207,211,42.43361960291488
30,220,215,41.562436155836025
31,239,225,39.36647028146582
32,251,235,38.050872664628855
33,263,247,37.32303608004174
34,279,259,36.63319601792561
35,291,266,36.07922840009377
36,302,275,35.62989529126792
37,315,286,35.24171205592087
38,341,296,32.10558007494865
39,356,304,30.550364020519236
40,378,316,29.17003362600963
41,395,326,28.071168571982902
42,410,339,27.33654473989307
43,423,348,26.292898967082117
44,442,356,25.771551690985685
45,458,362,25.352680074538384
46,477,372,25.007874728899512
47,501,390,24.010277751742837
48,527,402,23.51511015726271
49,554,415,21.561627552132066
50,573,426,21.022166856143016
51,597,408,20.63442998596527
52,616,414,20.321942082753953
53,641,416,20.066416937445712
54,660,420,19.863494579108593
55,683,426,18.27982208274627
56,706,436,17.696582498830796
57,730,439,17.236103004186575
58,755,441,16.904826599662815
59,786,441,16.5209439975653
60,807,439,16.292281338831117
61,827,442,16.11923523688339
62,854,455,15.990779830729057
63,875,463,15.892353994516789
64,900,471,15.818052639483875
65,920,477,16.263326085804593
66,939,486,16.2215703403564
67,976,491,11.920929400926939
68,991,501,9.934613817528101
69,1017,511,9.028296310227525
70,1036,519,7.579284513511928
71,1059,529,7.225257720678012
72,1085,544,7.060012153166955
73,1099,548,6.963007339605953
74,1120,559,6.837322386236339
75,1134,562,6.796737802729249
76,1162,575,6.730614218131908
77,1181,580,6.710299936340102
78,1206,589,6.698911076229143
79,1235,603,5.192073895862642
80,1255,604,4.687955690086849
81,1274,609,4.685473924704899
82,1296,613,4.683978709177418
83,1323,622,4.790334186642263
84,1338,623,4.711289101710546
85,1363,624,3.0865820208134895
86,1388,631,3.0259749820362427
87,1409,642,3.007792736627497
88,1403,640,3.0023379857223214
89,1428,638,3.000818365753396
90,1449,642,3.0003156936844144
91,1464,646,3.000130976180281
92,1499,646,3.0000576638183123
93,1523,645,3.000026592378682
94,1541,656,3.000012685937024
95,1568,666,3.0000061939960307
96,1599,667,3.00000307199796
97,1611,666,3.0000015391805306
98,1624,662,3.000000671994882
99,1626,663,3.000000335971309
100,1653,656,3.000000167976358
101,1661,656,2.500000083983405
102,1673,660,2.5000000419905146
103,1684,663,2.5000000209948845
104,1714,662,2.500000010497323
105,1727,672,2.5000000052486246
106,1742,672,2.5000000026243008
107,1753,671,2.5000000013121464
108,1757,676,2.5000000006560734
109,1773,685,2.500000000328036
110,1784,686,2.5000000001640186
111,1809,690,2.5000000000820095
112,1817,685,2.500000000041002
113,1813,682,2.500000000020501
114,1821,682,2.5000000000102505
115,1834,680,2.5000000000056377
116,1844,684,2.500000000003075
117,1837,683,2.5000000000016662
118,1849,691,3.0000000000008984
119,1851,693,3.0000000000004827
120,1866,690,3.000000000000259
121,1888,692,3.000000000000139
122,1894,689,3.000000000000074
123,1914,687,3.0000000000000324
124,1913,692,3.000000000000015
125,1928,691,2.500000000000007
126,1937,690,2.500000000000003
127,1938,689,2.5000000000000018
128,1950,684,2.5000000000000004
129,1959,683,2.5
130,1965,683,4.2
131,1967,686,5.33
132,1974,701,6.091
133,1978,705,6.496600000000001
134,1989,703,6.714550000000001
135,1989,707,5.559872
136,2003,716,5.9949706
137,2019,726,6.00483616
138,2036,727,6.370771724
139,2043,741,6.5556857172
140,2038,746,5.1028839219
141,2059,749,4.4452276554840005
142,2054,753,4.3925068302934
143,2060,764,4.32072146005652
144,2074,772,4.314144292011304
145,2072,768,4.3442432820890495
146,2064,772,4.359555868261204
147,2066,784,4.366636491100202
148,2072,796,4.3700014704019
149,2090,805,4.371649682862887
150,2080,807,4.372480913851324
151,2102,813,4.372911184873282
152,2120,818,4.373139073696233
153,2130,821,4.325264218095689
154,2126,825,4.2942907840644144
155,2145,835,4.033205426473535
156,2155,832,3.5001005641683802
157,2158,838,3.5000529385230714
158,2169,848,3.5000280435255635
159,2173,848,3.500014896298664
160,2181,854,3.5000079222641887
161,2184,864,3.500001811534637
162,2198,867,3.0000005434603914
163,2224,872,2.5
164,2227,873,2.5
165,2233,871,2
166,2242,879,2
167,2255,883,2
168,2274,881,2
169,2285,879,1.5
170,2304,878,1.5
171,2311,885,1
172,2329,879,0.5
173,2350,884,0.5
174,2364,885,0.5
175,2376,883,1.8095167269158334e-67
176,2379,882,3.6190334538316664e-68
177,2391,892,7.238066907663331e-69
178,2401,888,1.447613381532666e-69
179,2403,885,2.895226763065331e-70
180,2421,887,5.7904535261306614e-71
181,2443,880,1.1580907052261316e-71
182,2453,883,2.3161814104522633e-72
183,2465,873,4.6323628209045256e-73
184,2488,870,0
185,2500,863,0
186,2507,863,0
187,2508,857,0
188,2525,856,0
189,2528,846,0
190,2552,842,0
191,2557,842,0
192,2577,843,0
193,2587,840,0
194,2586,829,0
195,2604,828,0
196,2617,835,0
197,2626,821,0
198,2645,818,0
199,2640,810,0
200,2658,802,0
201,2653,802,0
202,2651,797,0
203,2647,796,0
204,2657,789,0
205,2645,787,0
206,2652,781,0
207,2660,784,0
208,2656,781,0
209,2645,775,0
210,2638,781,0
211,2638,780,0
212,2639,775,0
213,2631,783,0
214,2631,784,0
215,2625,792,0
216,2623,801,0
217,2618,799,0
218,2623,798,0
219,2626,806,0
220,2598,812,0.5
221,2597,818,0.5
222,2581,819,1
223,2559,823,1.5
224,2573,822,2
225,2570,826,1.5
226,2575,825,1.5
227,2561,828,1.5
228,2553,817,1.5
229,2552,822,1.5
230,2535,837,1.5
231,2518,840,1.5
232,2512,837,2
233,2515,839,0.5
234,2500,839,0.5
235,2513,834,0
236,2489,839,0.5
237,2498,837,1
238,2493,839,1
239,2506,837,1
240,2493,845,1
241,2491,845,1
242,2485,843,1
243,2474,844,1
244,2467,848,1
245,2453,851,0.5
246,2446,847,0.5
247,2458,842,0.5
248,2451,850,0.5
249,2465,858,0.5
250,2466,859,0
251,2465,868,0
252,2481,871,0
253,2481,886,0
254,2476,890,0.5
255,2485,897,1
256,2488,910,1
257,2488,915,1
258,2503,917,1
259,2514,923,1
260,2537,922,1
261,2535,927,1
262,2553,924,1
263,2568,923,1
264,2569,919,1
265,2584,927,1
266,2597,925,1.5
267,2617,920,1.5
268,2618,918,1.5
269,2632,924,1.5
270,2659,925,1.5
271,2652,926,1.5
272,2672,927,1.5
273,2676,928,1.5
274,2686,922,1.5
275,2697,926,1.5
276,2692,920,1.5
277,2700,918,1.5
278,2697,916,1.5
279,2711,925,1.5
280,2721,931,1.5
281,2749,924,0.5
282,2758,921,0.5
283,2761,925,0.5
284,2771,921,1.5
285,2768,922,1.5
286,2808,931,2.5
287,2807,934,2.5
288,2800,936,2.5
289,2800,938,2.5
290,2801,936,2.5
291,2801,938,1.5
292,2799,930,1.5
293,2818,926,1.5
294,2818,921,2
295,2832,925,2
296,2841,932,2.5
297,2841,930,2.5
298,2841,937,2.5
299,2838,941,2.5
300,2844,932,2.5
301,2835,941,3
302,2823,933,3
303,2832,934,3
304,2826,931,3
305,2819,926,3
306,2816,926,3
307,2839,918,3
308,2839,920,3
309,2844,917,3
310,2838,907,3
311,2859,910,2
312,2849,907,2
313,2838,907,2
314,2845,910,2
315,2840,909,2
316,2840,907,2.5
317,2817,900,2.5
318,2814,897,2.5
319,2804,899,2.5
320,2800,893,2.5
321,2804,886,2.5
322,2801,878,2.5
323,2798,872,2.5
324,2775,870,2.5
325,2766,868,2.5
326,2772,861,2.5
327,2769,863,2.5
328,2768,861,2.5
329,2757,863,2.5
330,2757,860,2.5
331,2731,849,2.5
332,2722,847,2.5
333,2708,848,2.5
334,2697,851,2.5
335,2685,853,2.5
336,2665,848,2.75
337,2649,845,2.8749999999999996
338,2658,842,2.9375
339,2651,837,2.96875
340,2659,834,2.984375
341,2662,830,2.992187500000001
342,2660,814,3.609158
343,2650,819,3.5327474
344,2658,829,3.5098242199999996
345,2649,831,3.002947266
346,2651,819,2.5
347,2648,811,2.5
348,2633,806,2.5
349,2627,797,2.5
350,2603,791,2.5
351,2615,783,2.5
352,2599,765,2.5
353,2585,763,2.5
354,2574,753,2.5
355,2562,747,2
356,2548,743,2
357,2519,733,2
358,2499,722,2
359,2488,713,2
360,2471,710,2
361,2433,714,2
362,2412,711,3
363,2414,699,3
364,2403,699,2.5
365,2403,687,2.5
366,2389,688,2.5
367,2387,679,2.5
368,2365,679,2.5
369,2350,681,2.5
370,2332,674,2.5
371,2323,669,2.5
372,2293,668,2
373,2280,661,2
374,2268,656,2
375,2264,654,2
376,2252,654,2
377,2238,652,2
378,2225,652,2
379,2208,648,2
380,2196,638,2
381,2185,634,2
382,2178,633,2
383,2169,627,2
384,2155,627,2
385,2141,619,2
386,2129,612,2
387,2133,610,2
388,2125,610,2
389,2103,607,2
390,2076,612,2
391,2042,611,2
392,2020,614,2
393,2009,614,2
394,1998,610,2
395,1989,598,2
396,1967,592,2
397,1952,595,2
398,1952,600,2
399,1935,610,2
400,1935,610,2
401,1922,611,2
402,1917,618,2
403,1921,629,2
404,1918,625,2
405,1907,634,2
406,1899,633,2.5
407,1903,639,2.5
408,1908,648,2
409,1889,655,2
410,1887,660,2
411,1890,660,2.2
412,1886,658,2.2600000000000002
413,1878,654,2.28
414,1885,647,2.2870000000000004
415,1875,649,2.28952
416,1881,660,2.290444
417,1894,660,2.290787
418,1907,669,2.29091538
419,1908,665,2.2909636939999998
420,1921,665,2.316384754
421,1909,665,2.3265531229
422,1923,670,2.333922843176
423,1939,673,2.8371247692023993
424,1929,682,2.8885579629434006
425,1917,684,2.8608188463802398
426,1913,684,2.8625513590107277
427,1915,683,2.935243852635491
428,1924,679,2.9901998894973083
429,1935,675,3.0243252086223693
430,1944,684,3.045450298758231
431,1949,685,2.504581585297465
432,1957,694,2.502491020109266
433,1964,694,2.5007351872150716
434,1978,700,2.50025043611441
435,1982,695,2.5000854706983797
436,1977,699,2.500029179556447
437,1960,709,2.5000099624086114
438,1956,714,2.5000034013723282
439,1971,713,2.5000011613007485
440,1998,719,2.500000396492856
441,2016,716,2.0000001353711285
442,2032,716,2.000000046218595
443,2040,709,2.0000000157800155
444,2036,726,2.000000005387634
445,2041,728,2.0000000018394535
446,2047,742,2.0000000006280287
447,2043,747,2.0000000002144223
448,2035,752,2.500000000073208
449,2058,747,2.500000000024995
450,2073,739,2.5000000000085336
451,2069,742,3.000000000002914
452,2089,756,2.5
453,2080,759,2.5
454,2098,760,2.5
455,2114,764,2.5
456,2127,768,2.5
457,2127,767,2.5
458,2127,767,3
459,2153,767,3.5
460,2172,762,3.5
461,2181,761,3
462,2196,764,2.5
463,2213,766,2.5
464,2210,772,2.5
465,2193,783,2.5
466,2199,777,2.5
467,2192,772,2.5
468,2208,770,2.5
469,2226,764,2.5
470,2226,771,2
471,2230,770,2
472,2229,779,2
473,2235,776,2
474,2249,775,2
475,2248,769,2
476,2258,774,1
477,2267,777,1
478,2272,782,1
479,2268,793,1
480,2277,800,1
481,2284,799,1
482,2291,806,0.5
483,2296,804,0.5
484,2291,809,0.5
485,2300,810,0.5
486,2315,812,0.5
487,2341,817,0.5
488,2352,811,0.5
489,2350,818,0.5
490,2346,821,0.5
491,2357,825,0.5
492,2360,833,1
493,2358,834,1
494,2373,842,1
495,2373,835,0.5
496,2382,837,0.5
497,2398,831,0.5
498,2418,833,0.5
499,2423,831,0
500,2407,834,0
501,2424,840,0
502,2428,839,0
503,2446,825,0.5
504,2444,821,0.5
505,2450,819,0.5
506,2444,821,0.5
507,2439,815,0.5
508,2444,810,0.5
509,2438,801,0.5
510,2426,798,0.5
511,2431,797,0.5
512,2415,797,0.5
513,2405,801,0
514,2417,801,0
515,2433,795,0
516,2432,787,0
517,2442,788,0
518,2431,789,0
519,2428,786,0
520,2428,784,0
521,2433,782,0
522,2445,786,0
523,2431,774,0
524,2429,764,0
525,2434,761,0
526,2424,765,0
527,2431,760,1
528,2421,761,1
529,2429,759,1
530,2408,755,1
531,2404,751,1
532,2401,745,1
533,2393,743,1.5
534,2409,741,1.5
535,2401,734,1.5
536,2385,735,1.5
537,2367,731,1
538,2343,725,1
539,2330,727,1
540,2316,714,1
541,2302,705,1
542,2292,693,1
543,2288,685,1
544,2275,680,1
545,2276,667,1
546,2279,654,1.5
547,2264,645,1.5
548,2249,641,1.5
549,2220,632,1
550,2214,624,1.5
551,2203,612,1.5
552,2179,605,1.5
553,2160,600,1.5
554,2147,596,1.5
555,2133,594,1.5
556,2124,587,1.5
557,2124,578,1.5
558,2118,568,2.5
559,2098,565,2.6
560,2089,565,2.62
561,2064,554,2.624
562,2067,549,3
563,2050,545,3
564,2026,538,3.5
565,2011,526,3.5
566,1996,520,4
567,1978,514,4
568,1956,513,4
569,1936,507,4
570,1919,496,4
571,1897,487,4
572,1874,478,4
573,1859,467,4
574,1850,465,4
575,1836,463,4
576,1814,459,4
577,1796,450,3
578,1787,443,3
579,1752,429,3
580,1738,422,3
581,1725,410,3
582,1702,403,3
583,1689,399,3
584,1649,396,3
585,1632,387,3
586,1627,381,3
587,1611,371,3
588,1608,365,3.5
589,1598,362,3.5
590,1583,353,3.5
591,1564,348,3.5
592,1550,343,3.5
593,1524,342,3.5
594,1502,337,3.5
595,1473,335,3.5
596,1437,342,3.5
597,1420,345,2.5
598,1394,343,2.5
599,1384,336,2.5
600,1372,332,3.5
601,1350,325,3.5
602,1331,324,4.2
603,1316,319,4.29
604,1292,314,4.308
605,1277,311,4.3116
606,1258,308,4.31232
607,1230,306,4.312464
608,1206,301,4.3124928
609,1207,304,4.31249856
610,1187,302,4.312499712
611,1178,301,4.312499942400001
612,1155,299,4.31249998848
613,1144,298,4.312499997696
614,1124,294,4.312499999539201
615,1111,287,4.59374999986176
616,1088,290,4.7343749999493125
617,1059,286,4.807499999977881
618,1044,293,4.846874999989125
619,1033,287,4.835062499996
620,1016,285,4.8352424999983405
621,1018,283,4.835347124999304
622,1007,284,4.835266462499717
623,1001,286,4.840566314999875
624,985,288,4.842163954499947
625,971,290,4.842752491162476
626,976,292,5.129532660716239
627,962,295,5.272845019659371
628,953,298,6.50752101538656
629,953,297,6.723064132593848
630,949,304,6.953624124739064
631,930,307,7.117555943395976
632,924,315,7.23488783511099
633,917,317,7.250204769569953
634,918,322,7.376865004048069
635,921,321,7.707604369689576
636,910,323,7.927721336116415
637,909,325,8.077402110257877
638,906,337,8.474710163574674
639,899,343,8.505469352515412
640,899,343,8.720924609928595
641,904,344,7.592722119832292
642,896,350,7.7957234839564915
643,903,358,7.980067304080233
644,906,358,7.640867848374315
645,907,361,7.265147780331273
646,909,369,7.182307316187213
647,906,367,7.131102362056589
648,913,371,9.091736883024724
649,915,376,9.077948427288984
650,922,381,7.635186814406042
651,923,392,7.473414632250405
652,929,397,7.436914106135175
653,928,401,7.275354242357618
654,942,403,7.246658755995864
655,947,406,6.783248935861244
656,959,408,6.823500140873333
657,965,407,6.364224578397957
658,975,410,5.897441987110737
659,979,411,5.539743762269349
660,987,410,5.330228736939278
661,1014,418,4.864077399675805
662,1026,418,4.700022639379069
663,1035,421,4.3771794506223465
664,1045,429,4.447655436499816
665,1057,437,4.393897372226976
666,1061,440,3.042931108241154
667,1081,444,2.4776477224216853
668,1083,450,2.3946433285809294
669,1079,449,2.352460699773791
670,1088,451,2.330476523398856
671,1096,454,2.318986626390586
672,1100,458,2.3129946797932006
673,1103,466,2.3098790105712292
674,1114,471,2.308263066905622
675,1133,475,2.307426597288025
676,1146,474,1.8069942214464252
677,1165,474,1.8054949767872732
678,1174,477,1.8052614376737017
679,1183,476,1.8051695551492803
680,1199,483,1.805126921022687
681,1213,479,1.8051060610533498
682,1221,479,1.805095610818577
683,1234,472,1.8050903039562833
684,1233,474,1.8189770267364438
685,1230,476,1.826635750946068
686,1236,479,1.831298311410353
687,1244,478,1.8341160387908866
688,1261,482,1.7476593903482365
689,1276,475,1.7279431634532245
690,1282,477,1.7212240759797848
691,1284,479,1.7189307671180794
692,1300,482,1.7181478253069165
693,1308,482,1.7178805147742218
694,1322,480,1.7177892494017115
695,1325,479,1.7177580894646638
696,1340,478,1.7177474507976815
697,1352,470,1.7177438185297431
698,1365,471,1.7177425783959388
699,1374,475,1.7177421549877614
700,1378,470,1.7177420104271888
701,1393,471,2.2177419610711224
702,1413,469,2.2677419442199045
703,1417,470,2.2827419384665393
704,1419,472,2.2877419365022176
705,1423,474,2.253724193650224
706,1425,474,2.2507448387300446
707,1430,475,2.250148967746009
708,1426,474,2.250029793549202
709,1415,474,2.25000595870984
710,1417,476,2.250001191741968
711,1415,483,2.2500002383483935
712,1415,483,2.250000047669679
713,1408,482,2.250000009533936
714,1419,483,2.250000001906787
715,1410,482,2.2500000003813576
716,1415,479,2.2500000000762714
717,1408,483,2.7500000000152545
718,1415,481,3.5500000000030507
719,1428,482,3.71000000000061
720,1424,479,3.742000000000122
721,1411,483,3.748400000000024
722,1419,485,3.749680000000005
723,1436,492,3.7499360000000013
724,1442,494,3.7499872000000005
725,1435,494,3.78749664
726,1430,503,3.8062489280000005
727,1418,507,3.8141246176
728,1422,515,3.81738735392
729,1430,519,3.8187411919040004
730,1427,522,3.8193041013727997
731,1431,521,3.81953845277536
732,1428,532,3.819636089722272
733,1424,536,3.8196767844513504
734,1439,550,4.819693749715865
735,1449,552,4.819700823271028
736,1454,553,4.8197037727489125
737,1451,553,4.819705002647583
738,1448,554,3.9447055155123065
739,1459,561,3.9447057293781724
740,1458,568,4.244705818561359
741,1456,570,4.354117612065765
742,1465,574,4.395199980745937
743,1460,574,4.414117636363227
744,1465,577,4.272799998605122
745,1480,584,2.501776282207148
746,1483,582,2.5003552564414298
747,1488,591,2.5001065769324287
748,1477,587,2.5000319730797287
749,1491,594,2.5000095919239187
750,1491,594,2.000002877577175
751,1485,601,2.0000008632731525
752,1485,603,2.000000258981946
753,1491,603,2.0000000776945837
754,1491,608,2.000000023308375
755,1503,614,2.500000011654187
756,1510,611,2.5000000062932615
757,1518,626,2.5000000041255825
758,1532,628,2.500000002857607
759,1551,632,2.500000001752324
760,1559,637,2.500000001099456
761,1554,644,2.000000000690837
762,1565,649,2.7000000004050446
763,1587,660,2.8100000002487673
764,1595,671,2.8430000001528697
765,1614,676,2.8153000000938753
766,1623,686,2.8130600000433357
767,1656,692,2.8126120000229964
768,1675,699,2.812522400012322
769,1689,708,2.8125044800066172
770,1713,712,2.8125008960035585
771,1737,720,2.8125001792019146
772,1746,729,2.8125000358408387
773,1748,736,2.8125000071683943
774,1755,748,2.8125000014337838
775,1781,749,2.8125000002867977
776,1803,757,3.0937500000860516
777,1818,758,3.234375000031555
778,1839,758,2.4025000000068815
779,1845,765,1.5098437500005448
780,1863,767,1.5021937500001319
781,1882,772,1.500579375000041
782,1911,777,1.5002047500000173
783,1924,779,1.5000822937500085
784,1935,782,1.500038784375004
785,1952,783,1.5000154378125015
786,1968,787,1.500008849531251
787,1994,795,1.0000051553406255
788,2012,802,1.000003004709063
789,2011,807,1.5000017512720316
790,2028,804,1.500001020716128
791,2050,807,1.5000006306892735
792,2051,809,1.5000003855680286
793,2071,805,1.5000002348131427
794,2079,813,1.5000001425575507
795,2083,815,1.5000000863647716
796,2110,814,1.5000000522509473
797,2109,829,1.5000000315854451
798,2131,826,1.5000000190834908
799,2132,830,1.5000000115264314
800,2157,832,1.5000000069606818
801,2179,830,1.5000000042030146
802,2198,831,1.500000002537707
803,2234,832,1.5000000015321642
804,2252,839,1.5000000002511453
805,2275,851,1.5000000000753437
806,2307,857,1.5000000000212979
807,2328,864,1.5000000000060472
808,2340,854,1.500000000001814
809,2355,855,1.500000000000544
810,2370,862,1.5000000000001632
811,2384,870,1.500000000000049
812,2388,876,1.5000000000000147
813,2395,879,1.5000000000000044
814,2408,874,1.5000000000000013
815,2424,877,1.5
816,2436,879,1.5
817,2436,878,1.5
818,2447,878,1.5
819,2451,874,1.5
820,2457,875,1.5
821,2459,877,1.5
822,2475,880,1.5
823,2476,876,1.5
824,2493,875,1.5
825,2487,873,1.5
826,2492,873,1.5
827,2503,863,1.5
828,2506,858,1.5
829,2506,855,2
830,2509,848,2.5
831,2499,844,2.5
832,2501,840,2.5
833,2513,838,1.5
834,2512,831,0.5
835,2511,834,0.5
836,2516,823,0.5
837,2515,825,0.5
838,2509,824,1
839,2513,820,1
840,2523,822,0.5
841,2540,819,0.5
842,2545,817,0.5
843,2536,811,0.5
844,2543,825,0.5
845,2541,819,0.5
846,2530,820,0.5
847,2536,833,1
848,2556,829,1
849,2553,827,1
850,2540,833,1
851,2525,830,1
852,2531,833,0.5
853,2505,838,0.5
854,2510,834,1
855,2504,831,1
856,2499,828,1
857,2495,823,1
858,2500,836,1.5
859,2485,839,1.5
860,2487,839,1.5
861,2486,841,1
862,2503,833,1
863,2516,823,0.5
864,2518,823,0
865,2509,825,0
866,2513,822,0
867,2512,820,0
868,2505,819,0
869,2501,815,0
870,2499,817,0
871,2502,812,0
872,2494,817,0
873,2497,817,0
874,2481,815,0
875,2477,818,0
876,2471,808,0
877,2463,802,0
878,2450,810,0
879,2469,809,0.5
880,2466,816,0.5
881,2481,814,0.5
882,2475,815,0
883,2462,818,0.5
884,2469,819,0.5
885,2477,821,0
886,2467,812,0
887,2470,809,0
888,2478,809,0
889,2477,800,0
890,2460,804,0
891,2452,797,0
892,2449,793,0
893,2462,790,0
894,2466,793,0
895,2487,781,0
896,2483,782,0
897,2482,783,0
898,2464,766,0
899,2475,760,0
900,2485,759,0
901,2503,754,0
902,2491,753,0
903,2494,752,0
904,2481,744,0
905,2470,746,0
906,2443,746,0
907,2441,740,0
908,2437,738,0
909,2452,730,0
910,2450,729,0
911,2445,733,0
912,2434,725,0
913,2419,723,0
914,2403,720,0
915,2395,706,0
916,2388,700,0
917,2366,693,0
918,2363,692,0
919,2354,685,0
920,2355,685,0
921,2336,687,0
922,2340,685,0
923,2333,673,0
924,2343,668,0
925,2343,663,0
926,2329,658,0
927,2321,656,0
928,2330,661,0
929,2322,652,0.5
930,2325,645,1
931,2309,639,1
932,2296,634,1
933,2309,635,1
934,2305,633,1
935,2283,630,1
936,2270,632,1
937,2259,628,1
938,2246,635,1
939,2241,625,1
940,2239,627,1
941,2217,620,1.5
942,2208,625,2
943,2200,631,2
944,2177,631,2
945,2146,623,2.5
946,2139,626,2.5
947,2141,629,2.5
948,2127,627,2.5
949,2111,629,2.5
950,2093,633,2.5
951,2075,641,3.5
952,2060,650,3.5
953,2054,647,3.5
954,2044,644,4
955,2041,649,5.2
956,2037,650,5.29
957,2027,647,4.808
958,2018,646,4.8116
959,2002,648,3.8123199999999997
960,2003,647,3.812464
961,1999,644,3.8124928000000002
962,1986,636,3
963,1973,638,3
964,1969,645,3
965,1967,647,3
966,1965,658,3
967,1968,663,3
968,1970,661,3
969,1971,664,3
970,1963,667,3
971,1971,668,3
972,1966,669,3
973,1968,667,3.5
974,1955,671,3.5
975,1958,673,3.5
976,1965,678,3
977,1967,673,3
978,1963,682,2.5
979,1956,686,2.5
980,1946,688,2.5
981,1949,693,2.5
982,1951,691,2.5
983,1931,693,2.5
984,1936,694,2.5
985,1949,693,2.5
986,1954,695,2
987,1942,687,2
988,1936,692,1.5
989,1942,686,1.5
990,1940,687,1.5
991,1951,687,1.5
992,1950,686,1.5
993,1946,678,1.5
994,1956,670,1
995,1981,666,1
996,1983,671,1
997,1978,670,1
998,1972,664,1
999,1966,658,0.5
1000,1970,647,0.5
1001,1963,643,1
1002,1974,627,1
1003,1978,617,1
1004,1988,613,1
1005,1979,610,1
1006,1991,599,1
1007,1996,595,1
1008,1990,588,1
1009,1983,577,1
1010,1960,564,1.5
1011,1958,557,1.5
1012,1968,556,1
1013,1966,555,1
1014,1957,545,1
1015,1961,536,1
1016,1959,535,1
1017,1959,526,1
1018,1952,517,1
1019,1937,516,1
1020,1938,509,1
1021,1927,506,1
1022,1903,500,1
1023,1893,492,1
1024,1895,485,1
1025,1879,476,1
1026,1858,469,1
1027,1848,464,1.5
1028,1824,462,1.5
1029,1810,447,1.5
1030,1787,436,1.5
1031,1771,429,1.5
1032,1755,420,1.5
1033,1740,414,1.5
1034,1714,407,1
1035,1691,398,1
1036,1683,392,1
1037,1673,384,1.5
1038,1669,380,1.5
1039,1643,380,1
1040,1628,377,1
1041,1605,370,1
1042,1592,361,1
1043,1573,355,1
1044,1558,355,1
1045,1522,357,1
1046,1496,355,1
1047,1484,349,1
1048,1479,338,1
1049,1467,335,1
1050,1445,334,2.2
1051,1442,340,2.5
1052,1413,340,2.654
1053,1393,348,2.737
1054,1377,342,2.7815000000000003
1055,1363,344,2.805266
1056,1342,343,2.8179358
1057,1325,341,2.82468474
1058,1310,337,2.8282784860000003
1059,1303,335,2.8301918209999997
1060,1291,336,2.8312104228599995
1061,1277,342,2.831752679082
1062,1251,339,2.8343448952022
1063,1230,338,3.41632057147032
1064,1229,340,3.4774833808153587
1065,1215,347,3.5234328077085943
1066,1199,339,3.556649385971148
1067,1186,332,3.58028502895509
1068,1161,330,4.099391226613451
1069,1167,326,4.113302171845502
1070,1137,322,4.1234928109640725
1071,1130,319,3.6309759574952905
1072,1124,314,3.6364793427642503
1073,1112,315,3.6405314531117963
1074,1094,314,3.6435176196071066
1075,1076,325,3.645719673086036
1076,1073,327,3.6473442633466258
1077,1062,328,3.6485432129982907
1078,1064,324,3.649428232161426
1079,1049,322,3.6500816095226605
1080,1050,325,3.6505640117027682
1081,1044,327,4.95035828696625
1082,1039,332,5.0983289918586365
1083,1042,341,5.687265325374422
1084,1032,348,5.753282237324385
1085,1036,354,6.7713385031651825
1086,1031,358,7.2719527665312516
1087,1030,361,7.6715488052623515
1088,1019,360,7.93383077401814
1089,1032,370,8.10543547940785
1090,1028,364,9.77893120538959
1091,1027,370,11.22112513200775
1092,1023,375,12.451863446215285
1093,1026,383,13.487261795170847
1094,1020,388,13.37256843750835
1095,1024,393,13.807023860819605
1096,1024,392,14.16725579686582
1097,1025,397,14.463016584884455
1098,1030,403,14.699547320215368
1099,1036,406,14.882537801577309
1100,1040,412,15.484139339325456
1101,1039,415,15.873073335656281
1102,1058,409,14.903132878269536
1103,1064,409,14.575856184220635
1104,1064,408,14.409624429773796
1105,1073,410,14.327287822166657
1106,1077,408,11.306729152102669
1107,1080,409,10.226355138780391
1108,1083,413,9.311245484804125
1109,1079,415,8.879853601339452
1110,1100,421,8.589475317320536
1111,1105,421,8.381984209647822
1112,1114,420,8.23092928657559
1113,1128,421,8.120124104433366
1114,1128,421,8.038549634280477
1115,1125,420,7.978387844305927
1116,1132,417,7.933928769863689
1117,1126,425,8.101051724286684
1118,1135,429,8.176724564990321
1119,1137,428,8.946715210539132
1120,1141,430,9.144578040346772
1121,1153,431,9.236598226507247
1122,1163,433,10.625298028252006
1123,1164,434,11.61588326820616
1124,1163,428,12.429712051088986
1125,1180,431,13.123867375919707
1126,1184,425,13.856444591034375
1127,1195,424,14.469077167728345
1128,1199,420,15.059469023538922
1129,1217,421,13.936491808356868
1130,1217,420,13.447523402306823
1131,1228,419,13.725006997215349
1132,1225,418,13.761392600893815
1133,1228,418,12.320381512047383
1134,1238,410,11.359042545188116
1135,1237,402,10.940803644000814
1136,1242,402,8.36307550215251
1137,1245,394,7.87343588535542
1138,1249,390,7.6326470796787
1139,1244,391,7.493733650066756
1140,1255,384,7.412580469441612
1141,1259,387,7.364744494487051
1142,1264,389,7.336398953509836
1143,1268,383,7.319548431452463
1144,1267,381,7.309509719332206
1145,1273,375,7.303519583243328
1146,1279,367,7.299940664433327
1147,1278,367,7.272427670136805
1148,1271,364,7.265888808904701
1149,1266,354,7.262344378125068
1150,1265,349,7.260475765079144
1151,1261,346,7.259486302208584
1152,1239,348,7.258960802473308
1153,1241,354,7.459845720010124
1154,1241,353,7.141053508736369
1155,1239,348,4.399695281374563
1156,1231,348,4.343744008169731
1157,1218,348,4.789188935231587
1158,1219,353,4.673210289872506
1159,1220,357,4.37207859215109
1160,1204,355,4.474726788098176
1161,1194,358,4.5283161334115976
1162,1187,368,4.556597743613602
1163,1183,366,4.571637679696849
1164,1185,364,4.579680145222275
1165,1190,361,4.583993100553209
1166,1182,359,4.58631065801885
1167,1189,360,4.5875575125311014
1168,1192,356,4.588228819672492
1169,1179,355,4.588590412192788
1170,1178,361,4.588785232048149
1171,1166,364,2.3660781062816154
1172,1161,367,2.118138123941344
1173,1162,360,2.0389998663129534
1174,1164,363,2.009116385092794
1175,1160,368,2.0026975626826777
1176,1161,366,1.5008017982359925
1177,1156,365,1.5002390453572103
1178,1145,368,1.500095020497503
1179,1130,369,1.5000402492413023
1180,1134,371,1.500017256076436
1181,1123,372,1.500007440580825
1182,1135,374,1.5000032306959348
1183,1128,379,1.5000014172452323
1184,1116,375,1.5000006312660927
1185,1108,378,1.5000002871428308
1186,1104,381,1.500000134220603
1187,1107,379,2.0000000648651604
1188,1102,384,2.00000003256331
1189,1089,389,2.0000000170193455
1190,1087,391,2.000000009252902
1191,1080,387,2.000000005213424
1192,1080,387,2.0000000025482345
1193,1079,388,2.0000000012855135
1194,1079,392,2.0000000007062004
1195,1075,389,2.0000000003934995
1196,1068,387,2.0000000000933604
1197,1071,389,2.000000000067371
1198,1077,387,2.0000000000502065
1199,1082,388,1.5000000000340532
1200,1082,391,1.5000000000240679
1201,1079,398,1.500000000017208
1202,1088,397,1.5000000000123779
1203,1085,392,1.500000000005627
1204,1092,389,1.5000000000023705
1205,1086,385,1.500000000000278
1206,1087,385,2.0000000000001
1207,1091,382,2.00000000000004
1208,1087,383,2.5000000000000213
1209,1085,379,3.0000000000000124
1210,1083,376,3.5000000000000067
1211,1086,382,3.5000000000000036
1212,1096,371,3.500000000000002
1213,1090,362,3.500000000000001
1214,1080,366,3.5
1215,1069,367,3.5
1216,1071,372,3.5000000000000004
1217,1062,370,3.5
1218,1057,368,3.5
1219,1065,373,3.5
1220,1079,373,3.5
1221,1084,372,3.5
1222,1087,370,4.8
1223,1095,364,5.075
1224,1092,370,5.1445
1225,1091,369,5.79475
1226,1075,366,6.284875
1227,1078,367,7.8388725
1228,1082,373,8.26442035
1229,1090,373,8.521094990000002
1230,1083,380,8.701061532500002
1231,1091,376,8.834588258950001
1232,1073,374,8.936076680529998
1233,1074,374,9.014165132631998
1234,1087,370,9.074699824995703
1235,1092,372,9.041685488047317
1236,1097,378,9.070224348945509
1237,1099,384,9.096533766192536
1238,1111,383,9.11804940118402
1239,1120,386,9.135225774515598
1240,1113,384,8.539254813197172
1241,1125,384,7.2852283801252975
1242,1128,383,6.955900479192747
1243,1130,382,6.823698482268623
1244,1130,380,5.520830805366888
1245,1127,380,5.428501569216667
1246,1127,385,5.395492107001537
1247,1133,385,5.383313351334868
1248,1127,386,5.378588039925013
1249,1119,385,5.376644932597623
1250,1126,385,5.8757960727826255
1251,1124,387,5.8754027504783055
1252,1121,385,5.875210764845766
1253,1122,383,5.87504432292802
1254,1123,387,5.87501405344346
1255,1133,393,5.87500486419075
1256,1128,395,5.875000893158074
1257,1129,394,5.875000262742901
1258,1135,400,5.8750000992836595
1259,1139,399,5.875000044203595
1260,1147,396,5.875000021682286
1261,1142,393,5.87500001115437
1262,1125,389,6.212500005864001
1263,1123,391,5.813750003112811
1264,1136,398,5.844125001782592
1265,1143,395,5.853237501002218
1266,1145,394,5.855971250562254
1267,1155,390,5.8567913753153755
1268,1156,393,5.857037412676935
1269,1153,391,5.857111223815205
1270,1146,387,5.857133367152942
1271,1143,387,5.357140010147887
1272,1139,390,5.699999003554355
1273,1137,391,5.802856801219075
1274,1141,395,5.408571340315138
1275,1145,398,5.372571402094632
1276,1156,398,5.661771420628427
1277,1152,399,5.748531426188529
1278,1161,402,5.774559427856562
1279,1161,400,5.782367828356969
1280,1171,400,5.784710348507091
1281,1161,396,5.785413104552126
1282,1173,395,5.785623931365638
1283,1188,399,5.285687179409692
1284,1181,399,5.2857061538229075
1285,1183,399,5.285711846146873
1286,1181,403,4.785713553844062
1287,1178,401,4.7857140661532185
1288,1177,399,4.285714219845966
1289,1181,399,4.285714265953789
1290,1181,398,4.285714279786137
1291,1169,399,4.2857142839358415
1292,1168,400,4.285714285180752
1293,1166,405,4.285714285554226
1294,1167,406,4.285714285666268
1295,1172,401,4.78571428569988
1296,1188,401,4.835714285709964
1297,1184,405,4.845714285712989
1298,1192,411,4.847714285713897
1299,1200,414,4.848114285714169
1300,1210,424,4.848194285714251
1301,1217,422,4.848210285714275
1302,1218,422,4.848213485714283
1303,1214,427,4.848214125714286
1304,1212,427,4.848214253714286
1305,1217,429,4.848214279314286
1306,1226,427,3.919642855862857
1307,1230,430,3.8196428568868575
1308,1224,440,3.789642857091657
1309,1225,438,3.7806428571326176
1310,1221,438,3.7779428571408094
1311,1227,448,3.7771328571424476
1312,1235,451,3.776889857142775
1313,1248,452,3.7768169571428407
1314,1244,460,4.276795087142854
1315,1248,461,4.326788526142856
1316,1243,467,4.336786557842856
1317,1248,475,4.338785967352857
1318,1248,477,4.351635790205857
1319,1253,479,4.356735737061757
1320,1259,487,4.358518721118528
1321,1261,494,4.359129916335559
1322,1266,494,4.987922834900668
1323,1269,494,5.152315792470199
1324,1273,495,5.40751579614106
1325,1286,494,5.30934590287937
1326,1292,490,5.305367673998927
1327,1293,492,5.291197708562984
1328,1289,491,4.91606744600114
1329,1301,487,4.942108980905689
1330,1298,493,4.96156435279225
1331,1308,496,4.9738311577299665
1332,1308,498,4.419848698848928
1333,1303,504,2.8056865473653767
1334,1326,499,3.2058310507273067
1335,1331,501,2.0415767506967972
1336,1334,507,2.0238618099508683
1337,1342,507,2.0136577118248047
1338,1340,503,2.00795897169496
1339,1336,503,2.504627848493982
1340,1346,510,2.5026855460157953
1341,1360,507,2.501556517080219
1342,1364,508,2.500888826003319
1343,1379,507,2.5005120930650464
1344,1392,510,2.500295420135693
1345,1395,515,2.500170566370411
1346,1393,521,2.5000999634536747
1347,1397,525,2.5000536353721476
1348,1404,520,2.500029915495163
1349,1406,519,2.5000070135277235
1350,1405,521,2.500002741228728
1351,1423,515,2.000001598113092
1352,1432,514,2.000000937777205
1353,1442,517,1.500000599974751
1354,1443,515,1.5000003945643732
1355,1436,515,1.5000002619755444
1356,1452,510,1.5000001747574325
1357,1465,506,2.0000001168428523
1358,1474,502,2.000000078209445
1359,1481,495,2.0000000523797024
1360,1484,493,2.000000035089054
1361,1488,493,2.0000000235113213
1362,1503,487,2.000000015754885
1363,1509,484,2.000000010557715
1364,1508,484,2.000000007075117
1365,1518,478,2.0000000047412754
1366,1533,475,2.000000003177369
1367,1538,469,2.0000000021293336
1368,1540,466,2.000000001426986
1369,1545,463,2.0000000009563035
1370,1545,463,2.0000000006408727
1371,1552,461,1.500000000429485
1372,1549,456,1.500000000287822
1373,1547,457,1.5000000001928857
1374,1543,458,1.5000000001292635
1375,1532,461,1.5000000000628206
1376,1535,466,2.0000000000276605
1377,1541,472,2.0000000000115357
1378,1539,474,2.000000000005768
1379,1525,477,1.500000000002884
1380,1533,477,1.500000000001442
1381,1533,471,1.5000000000007212
1382,1541,471,1.5000000000000902
1383,1531,476,1.500000000000018
1384,1508,487,2.5000000000000036
1385,1510,492,2.500000000000001
1386,1504,497,2.5
1387,1502,496,2.5
1388,1506,491,3
1389,1516,498,3
1390,1522,501,3
1391,1516,505,3
1392,1515,509,3
1393,1493,518,3
1394,1493,528,3
1395,1497,536,3
1396,1490,545,3
1397,1502,549,3
1398,1493,550,3
1399,1507,560,3
1400,1503,566,3
1401,1497,570,3
1402,1495,581,3.65
1403,1486,596,3.73
1404,1486,605,3.746
1405,1497,616,3.7492
1406,1500,643,3.24984
1407,1500,655,3.249968
1408,1510,666,3.2499936
1409,1525,678,3.24999872
1410,1541,698,3
1411,1543,713,3.2
1412,1555,727,2.7800000000000002
1413,1560,743,2.822
1414,1588,761,2.8386000000000005
1415,1599,775,2.38408
1416,1603,792,2.6824440000000003
1417,1635,806,2.3666016
1418,1671,819,1.06754628
1419,1690,825,1.03189886
1420,1720,831,0.5169415712000001
1421,1732,846,0.5092446269400001
1422,1760,860,1.004057726952
1423,1785,865,1.0018447009874
1424,1810,868,0.50043904931444
1425,1839,879,0.500122095437874
1426,1868,889,0.5000347047600706
1427,1900,896,0.5000100266537629
1428,1927,911,0.5000029310412772
1429,1968,921,0.5000008639214129
1430,1985,932,1.0000002560982297
1431,2022,943,1.00000007621383
1432,2049,956,1.0000000227410213
1433,2071,963,1.0000000067976809
1434,2097,978,0.5000000020343792
1435,2120,979,0.5000000006093287
1436,2156,997,0.5000000001826016
1437,2172,1004,0.5000000000547411
1438,2190,1014,0.5000000000164144
1439,2214,1030,0.5000000000049227
1440,2251,1037,0.5000000000014765
1441,2302,1054,1.259479407788028e-16
1442,2314,1066,2.5189588155760555e-17
1443,2363,1084,5.03791763115211e-18
1444,2394,1095,1.007583526230422e-18
1445,2432,1101,2.0151670524608433e-19
1446,2478,1112,4.0303341049216867e-20
1447,2495,1108,8.06066820984337e-21
1448,2535,1113,1.6121336419686735e-21
1449,2573,1127,3.224267283937346e-22
1450,2600,1131,6.448534567874692e-23
1451,2629,1144,1.2897069135749382e-23
1452,2681,1151,2.5794138271498753e-24
1453,2717,1154,5.158827654299748e-25
1454,2759,1155,1.0317655308599495e-25
1455,2796,1159,2.0635310617198985e-26
1456,2834,1166,4.127062123439795e-27
1457,2851,1159,8.25412424687959e-28
1458,2892,1171,1.6508248493759179e-28
1459,2918,1183,3.3016496987518344e-29
1460,2944,1194,6.60329939750367e-30
1461,2975,1190,1.3206598795007336e-30
1462,3003,1190,2.6413197590014665e-31
1463,3033,1189,5.28263951800293e-32
1464,3050,1187,1.0565279036005857e-32
1465,3076,1187,2.113055807201171e-33
1466,3104,1191,4.22611161440234e-34
1467,3119,1204,8.452223228804676e-35
1468,3125,1208,1.6904446457609346e-35
1469,3151,1214,3.380889291521868e-36
1470,3166,1232,6.761778583043735e-37
1471,3202,1255,1.352355716608747e-37
1472,3234,1263,2.704711433217494e-38
1473,3252,1264,5.409422866434987e-39
1474,3282,1281,1.0818845732869971e-39
1475,3299,1291,0
1476,3318,1307,0
1477,3345,1313,0
1478,3366,1323,0
1479,3381,1318,0
1480,3404,1317,0
1481,3448,1321,0
1482,3461,1339,0
1483,3504,1336,0
1484,3550,1343,0
1485,3565,1344,0
1486,3588,1346,0
1487,3626,1344,0
1488,3648,1354,0
1489,3673,1367,0
1490,3686,1383,0
1491,3675,1386,0
1492,3711,1387,0
1493,3726,1388,0
1494,3752,1387,0
1495,3772,1401,0
1496,3783,1410,0
1497,3809,1414,0
1498,3831,1430,0
1499,3835,1440,0
1500,3872,1439,0
1501,3896,1448,0
1502,3903,1447,0
1503,3925,1450,0
1504,3930,1457,0
1505,3924,1458,0
1506,3921,1472,0
1507,3942,1470,0
1508,3951,1469,0
1509,3950,1468,0
1510,3979,1472,0
1511,4002,1472,0
1512,4020,1475,0
1513,4030,1476,0
1514,4058,1489,0
1515,4089,1488,0
1516,4113,1492,0
1517,4124,1490,0
1518,4132,1482,0
1519,4142,1483,0
1520,4159,1482,0
1521,4152,1477,0
1522,4147,1467,0
1523,4163,1458,0
1524,4171,1452,0
1525,4196,1448,0
1526,4211,1447,0
1527,4208,1427,0
1528,4231,1424,0
1529,4221,1420,0
1530,4234,1421,0
1531,4203,1425,0
1532,4219,1431,0
1533,4212,1414,0
1534,4199,1414,0
1535,4206,1408,0
1536,4209,1403,0
1537,4210,1407,0
1538,4223,1399,0
1539,4225,1384,0
1540,4242,1367,0
1541,4265,1350,0
1542,4278,1346,0
1543,4263,1339,0.5
1544,4244,1324,0.5
1545,4216,1316,0.5
1546,4212,1296,0.5
1547,4189,1289,0.5
1548,4171,1278,1
1549,4167,1267,1
1550,4151,1258,1
1551,4118,1246,1
1552,4100,1232,1
1553,4104,1227,1
1554,4097,1226,1
1555,4094,1209,1
1556,4084,1206,1.5
1557,4081,1190,1.5
1558,4057,1188,1.5
1559,4051,1177,1.5
1560,4025,1169,1.5
1561,4010,1158,1.5
1562,3989,1153,1.5
1563,3975,1151,1.5
1564,3934,1147,1.5
1565,3891,1142,1.5
1566,3865,1151,1.5
1567,3837,1136,1.5
1568,3838,1134,1.5
1569,3819,1122,1.5
1570,3783,1119,1
1571,3761,1112,1
1572,3743,1111,0.5
1573,3722,1109,0.5
1574,3705,1106,0.5
1575,3663,1109,0.5
1576,3644,1103,0.5
1577,3625,1095,1
1578,3593,1106,1
1579,3600,1108,1
1580,3575,1103,1
1581,3555,1097,1
1582,3519,1098,1.5
1583,3509,1082,1.5
1584,3487,1074,1.5
1585,3465,1077,1.5
1586,3452,1072,2
1587,3423,1065,2
1588,3400,1060,1
1589,3380,1062,0.5
1590,3341,1062,0.5
1591,3311,1065,0.5
1592,3267,1067,0.5
1593,3260,1067,0.5
1594,3240,1068,0.5
1595,3243,1068,0.5
1596,3221,1067,0.5
1597,3220,1072,0.5
1598,3215,1078,0.5
1599,3202,1084,0.5
1600,3196,1083,1
1601,3194,1090,1
1602,3192,1095,0.5
1603,3180,1100,0.5
1604,3172,1107,0.5
1605,3152,1104,0.5
1606,3154,1105,0.5
1607,3152,1105,0
1608,3158,1108,0
1609,3146,1111,0
1610,3135,1120,0
1611,3131,1123,0
1612,3126,1119,0
1613,3123,1118,0
1614,3140,1119,0
1615,3147,1123,0
1616,3150,1120,0
1617,3141,1120,0
1618,3126,1122,0
1619,3115,1123,0
1620,3123,1132,0
1621,3148,1131,0
1622,3161,1131,0
1623,3153,1125,0
1624,3157,1126,0
1625,3171,1118,0
1626,3161,1122,0
1627,3168,1120,0
1628,3178,1122,0
1629,3168,1122,0
1630,3174,1116,0
1631,3189,1113,0
1632,3219,1118,0
1633,3230,1119,0
1634,3243,1125,0
1635,3250,1137,0
1636,3250,1134,0
1637,3249,1138,0
1638,3264,1140,0
1639,3258,1138,0
1640,3264,1149,0.5
1641,3274,1151,0
1642,3309,1150,0
1643,3322,1152,0
1644,3332,1154,0
1645,3341,1162,0
1646,3345,1164,0
1647,3362,1173,0
1648,3364,1179,0
1649,3375,1164,0
1650,3359,1162,0
1651,3372,1162,0
1652,3364,1156,0
1653,3374,1168,0
1654,3386,1175,0
1655,3404,1162,0
1656,3397,1164,0
1657,3393,1166,0
1658,3394,1163,0
1659,3417,1162,0
1660,3418,1158,0
1661,3409,1157,0
1662,3428,1150,0
1663,3432,1159,0
1664,3443,1161,0
1665,3429,1163,0
1666,3442,1155,0
1667,3453,1148,0
1668,3483,1143,0
1669,3491,1145,0
1670,3479,1148,0
1671,3474,1147,0
1672,3470,1148,0
1673,3493,1154,0
1674,3496,1160,0
1675,3484,1156,0
1676,3479,1163,0
1677,3484,1154,0
1678,3469,1159,0
1679,3468,1166,0
1680,3464,1168,0
1681,3445,1174,0
1682,3439,1182,0
1683,3434,1184,0
1684,3452,1184,0
1685,3462,1182,0
1686,3458,1182,0
1687,3479,1192,0
1688,3480,1194,0
1689,3493,1198,0
1690,3492,1196,0
1691,3491,1187,0.5
1692,3476,1185,1
1693,3474,1185,1
1694,3489,1184,1
1695,3503,1179,1
1696,3508,1168,1
1697,3495,1170,1
1698,3514,1153,1
1699,3494,1145,1
1700,3515,1149,1.5
1701,3526,1139,1
1702,3524,1139,1
1703,3504,1135,1.5
1704,3508,1121,1.5
1705,3510,1115,1.5
1706,3507,1122,1.5
1707,3519,1115,1.5
1708,3519,1120,1.5
1709,3507,1121,1.5
1710,3517,1113,1.5
1711,3532,1108,1
1712,3521,1106,1
1713,3523,1107,1
1714,3503,1094,0.5
1715,3514,1085,0.5
1716,3501,1077,0.5
1717,3498,1081,0.5
1718,3471,1083,1
1719,3488,1079,1
1720,3508,1080,1
1721,3501,1077,1
1722,3503,1072,1
1723,3502,1060,1
1724,3493,1055,1
1725,3501,1044,1
1726,3505,1038,1
1727,3497,1039,1
1728,3512,1034,1
1729,3504,1028,1
1730,3502,1020,1.5
1731,3514,1011,1.5
1732,3494,999,1.5
1733,3481,988,1.5
1734,3437,978,1.5
1735,3427,969,1.5
1736,3420,965,1.5
1737,3387,953,1.5
1738,3388,944,1.5
1739,3368,932,1.5
1740,3361,923,2
1741,3355,918,2.5
1742,3346,914,2.5
1743,3339,911,2.5
1744,3312,907,2
1745,3278,898,2
1746,3259,893,2
1747,3262,893,2
1748,3231,883,2
1749,3227,886,2
1750,3191,873,2
1751,3168,863,2
1752,3160,860,2
1753,3150,853,2
1754,3127,846,2
1755,3101,849,2
1756,3101,843,2
1757,3071,832,2
1758,3063,827,2
1759,3049,817,2
1760,3026,815,1.5
1761,3005,820,1.5
1762,2979,819,2
1763,2960,818,2
1764,2936,815,2
1765,2926,823,2
1766,2908,818,2
1767,2893,818,2
1768,2880,817,2
1769,2852,821,2
1770,2823,823,2
1771,2809,825,2
1772,2785,817,2
1773,2750,819,1.5
1774,2732,831,1.5
1775,2726,843,1.5
1776,2728,847,1.5
1777,2706,857,1.5
1778,2683,856,1.5
1779,2674,861,1.5
1780,2675,865,1.5
1781,2653,874,1.5
1782,2655,877,1.5
1783,2649,893,1
1784,2645,906,1
1785,2646,921,1
1786,2645,932,1
1787,2659,950,1
1788,2645,961,1
1789,2656,969,1
1790,2646,983,1
1791,2648,999,1
1792,2646,1012,1
1793,2635,1020,1
1794,2644,1040,1
1795,2652,1052,1.5
1796,2668,1063,1.5
1797,2662,1084,1.5
1798,2670,1096,1.5
1799,2681,1124,1.5
1800,2706,1143,1.5
1801,2734,1165,1.5
1802,2741,1190,1.5
1803,2765,1201,1.5
1804,2777,1225,1.5
1805,2822,1251,1.5
1806,2833,1266,1.5
1807,2866,1292,1.5
1808,2870,1311,1.5
1809,2899,1332,1.5
1810,2933,1346,1.5
1811,2958,1362,1.5
1812,2994,1369,1.5
1813,3034,1382,1
1814,3078,1399,1